{
	"info": {
		"_postman_id": "cb637c5b-89e3-4285-b995-3f60768b315b",
		"name": "CoyoteAliasAPICollection",
		"schema": "https://schema.getpostman.com/json/collection/v2.1.0/collection.json",
		"_exporter_id": "5352445"
	},
	"item": [
		{
			"name": "MLE_Encrypt_CreateAlias",
			"event": [
				{
					"listen": "prerequest",
					"script": {
						"exec": [
							"pm.globals.set(\"kid\",pm.request.headers.get(\"kid\"));"
						],
						"type": "text/javascript"
					}
				},
				{
					"listen": "test",
					"script": {
						"exec": [
							"var jsonData = pm.response.json();",
							"pm.globals.set(\"req_body\",jsonData.encData);",
							"",
							"",
							""
						],
						"type": "text/javascript"
					}
				}
			],
			"request": {
				"auth": {
					"type": "noauth"
				},
				"method": "POST",
				"header": [
					{
						"key": "Content-Type",
						"name": "Content-Type",
						"type": "text",
						"value": "application/json"
					},
					{
						"key": "Accept",
						"type": "text",
						"value": "application/json"
					},
					{
						"key": "kid",
						"value": "bba3e0b2-6742-4cd3-b339-3c4a839ad655",
						"type": "text"
					}
				],
				"body": {
					"mode": "raw",
					"raw": "{\r\n  \"rewardProgramIdentificationCode\": \"A34324\",\r\n  \"amount\": \"124.02\",\r\n  \"localTransactionDateTime\": \"2023-07-18T12:00:00\",\r\n  \"cpsAuthorizationCharacteristicsIndicator\": \"Y\",\r\n  \"pointOfServiceData\": {\r\n    \"panEntryMode\": \"01\",\r\n    \"posConditionCode\": \"00\"\r\n  },\r\n  \"digitalWalletProviderId\": \"VCIND\",\r\n  \"colombiaNationalServiceData\": {\r\n    \"addValueTaxReturn\": \"10.00\",\r\n    \"taxAmountConsumption\": \"10.00\",\r\n    \"nationalNetReimbursementFeeBaseAmount\": \"20.00\",\r\n    \"addValueTaxAmount\": \"10.00\",\r\n    \"nationalNetMiscAmount\": \"10.00\",\r\n    \"countryCodeNationalService\": \"170\",\r\n    \"nationalChargebackReason\": \"11\",\r\n    \"emvTransactionIndicator\": \"1\",\r\n    \"nationalNetMiscAmountType\": \"A\",\r\n    \"costTransactionIndicator\": \"0\",\r\n    \"nationalReimbursementFee\": \"20.00\"\r\n  },\r\n  \"cardAcceptor\": {\r\n    \"address\": {\r\n      \"country\": \"USA\",\r\n      \"zipCode\": \"94404\",\r\n      \"county\": \"081\",\r\n      \"state\": \"CA\"\r\n    },\r\n    \"idCode\": \"ABCD1234ABCD123\",\r\n    \"name\": \"Visa Inc. USA-Foster City\",\r\n    \"terminalId\": \"ABCD1234\"\r\n  },\r\n  \"transactionIdentifier\": \"100148555877923\",\r\n  \"acquirerCountryCode\": \"840\",\r\n  \"acquiringBin\": \"408999\",\r\n  \"senderCurrencyCode\": \"USD\",\r\n  \"retrievalReferenceNumber\": \"433122895499\",\r\n  \"transactionTypeCode\": 22,\r\n  \"messageReasonCode\": 2150,\r\n  \"systemsTraceAuditNumber\": \"895499\",\r\n  \"businessApplicationId\": \"AA\",\r\n  \"senderPrimaryAccountNumber\": \"4104920120XXXXXX\",\r\n  \"settlementServiceIndicator\": \"9\",\r\n  \"cardProductCode\": \"15\",\r\n  \"merchantCategoryCode\": \"6012\",\r\n  \"senderCardExpiryDate\": \"2021-10\",\r\n  \"dynamicCurrencyConversionIndicator\": \"Y\"\r\n}"
				},
				"url": {
					"raw": "localhost:3000/encrypt",
					"host": [
						"localhost"
					],
					"port": "3000",
					"path": [
						"encrypt"
					]
				}
			},
			"response": []
		},
		{
			"name": "MLE_Encrypt_GetAliasIDFromValue",
			"event": [
				{
					"listen": "prerequest",
					"script": {
						"exec": [
							"pm.globals.set(\"kid\",pm.request.headers.get(\"kid\"));"
						],
						"type": "text/javascript"
					}
				},
				{
					"listen": "test",
					"script": {
						"exec": [
							"var jsonData = pm.response.json();",
							"pm.globals.set(\"req_body\",jsonData.encData);",
							"",
							"",
							""
						],
						"type": "text/javascript"
					}
				}
			],
			"request": {
				"auth": {
					"type": "noauth"
				},
				"method": "POST",
				"header": [
					{
						"key": "Content-Type",
						"name": "Content-Type",
						"type": "text",
						"value": "application/json"
					},
					{
						"key": "Accept",
						"type": "text",
						"value": "application/json"
					},
					{
						"key": "kid",
						"value": "bba3e0b2-6742-4cd3-b339-3c4a839ad655",
						"type": "text"
					}
				],
				"body": {
					"mode": "raw",
					"raw": "{\r\n  \"rewardProgramIdentificationCode\": \"A34324\",\r\n  \"amount\": \"124.02\",\r\n  \"localTransactionDateTime\": \"2023-07-18T12:00:00\",\r\n  \"cpsAuthorizationCharacteristicsIndicator\": \"Y\",\r\n  \"pointOfServiceData\": {\r\n    \"panEntryMode\": \"01\",\r\n    \"posConditionCode\": \"00\"\r\n  },\r\n  \"digitalWalletProviderId\": \"VCIND\",\r\n  \"colombiaNationalServiceData\": {\r\n    \"addValueTaxReturn\": \"10.00\",\r\n    \"taxAmountConsumption\": \"10.00\",\r\n    \"nationalNetReimbursementFeeBaseAmount\": \"20.00\",\r\n    \"addValueTaxAmount\": \"10.00\",\r\n    \"nationalNetMiscAmount\": \"10.00\",\r\n    \"countryCodeNationalService\": \"170\",\r\n    \"nationalChargebackReason\": \"11\",\r\n    \"emvTransactionIndicator\": \"1\",\r\n    \"nationalNetMiscAmountType\": \"A\",\r\n    \"costTransactionIndicator\": \"0\",\r\n    \"nationalReimbursementFee\": \"20.00\"\r\n  },\r\n  \"cardAcceptor\": {\r\n    \"address\": {\r\n      \"country\": \"USA\",\r\n      \"zipCode\": \"94404\",\r\n      \"county\": \"081\",\r\n      \"state\": \"CA\"\r\n    },\r\n    \"idCode\": \"ABCD1234ABCD123\",\r\n    \"name\": \"Visa Inc. USA-Foster City\",\r\n    \"terminalId\": \"ABCD1234\"\r\n  },\r\n  \"transactionIdentifier\": \"100148555877923\",\r\n  \"acquirerCountryCode\": \"840\",\r\n  \"acquiringBin\": \"408999\",\r\n  \"senderCurrencyCode\": \"USD\",\r\n  \"retrievalReferenceNumber\": \"433122895499\",\r\n  \"transactionTypeCode\": 22,\r\n  \"messageReasonCode\": 2150,\r\n  \"systemsTraceAuditNumber\": \"895499\",\r\n  \"businessApplicationId\": \"AA\",\r\n  \"senderPrimaryAccountNumber\": \"4104920120XXXXXX\",\r\n  \"settlementServiceIndicator\": \"9\",\r\n  \"cardProductCode\": \"15\",\r\n  \"merchantCategoryCode\": \"6012\",\r\n  \"senderCardExpiryDate\": \"2021-10\",\r\n  \"dynamicCurrencyConversionIndicator\": \"Y\"\r\n}"
				},
				"url": {
					"raw": "localhost:3000/encrypt",
					"host": [
						"localhost"
					],
					"port": "3000",
					"path": [
						"encrypt"
					]
				}
			},
			"response": []
		},
		{
			"name": "MLE_Encrypt_CreatePaymentCredential",
			"event": [
				{
					"listen": "prerequest",
					"script": {
						"exec": [
							"pm.globals.set(\"kid\",pm.request.headers.get(\"kid\"));"
						],
						"type": "text/javascript"
					}
				},
				{
					"listen": "test",
					"script": {
						"exec": [
							"var jsonData = pm.response.json();",
							"pm.globals.set(\"req_body\",jsonData.encData);",
							"",
							"",
							""
						],
						"type": "text/javascript"
					}
				}
			],
			"request": {
				"auth": {
					"type": "noauth"
				},
				"method": "POST",
				"header": [
					{
						"key": "Content-Type",
						"name": "Content-Type",
						"type": "text",
						"value": "application/json"
					},
					{
						"key": "Accept",
						"type": "text",
						"value": "application/json"
					},
					{
						"key": "kid",
						"value": "bba3e0b2-6742-4cd3-b339-3c4a839ad655",
						"type": "text"
					}
				],
				"body": {
					"mode": "raw",
					"raw": "{\r\n  \"rewardProgramIdentificationCode\": \"A34324\",\r\n  \"amount\": \"124.02\",\r\n  \"localTransactionDateTime\": \"2023-07-18T12:00:00\",\r\n  \"cpsAuthorizationCharacteristicsIndicator\": \"Y\",\r\n  \"pointOfServiceData\": {\r\n    \"panEntryMode\": \"01\",\r\n    \"posConditionCode\": \"00\"\r\n  },\r\n  \"digitalWalletProviderId\": \"VCIND\",\r\n  \"colombiaNationalServiceData\": {\r\n    \"addValueTaxReturn\": \"10.00\",\r\n    \"taxAmountConsumption\": \"10.00\",\r\n    \"nationalNetReimbursementFeeBaseAmount\": \"20.00\",\r\n    \"addValueTaxAmount\": \"10.00\",\r\n    \"nationalNetMiscAmount\": \"10.00\",\r\n    \"countryCodeNationalService\": \"170\",\r\n    \"nationalChargebackReason\": \"11\",\r\n    \"emvTransactionIndicator\": \"1\",\r\n    \"nationalNetMiscAmountType\": \"A\",\r\n    \"costTransactionIndicator\": \"0\",\r\n    \"nationalReimbursementFee\": \"20.00\"\r\n  },\r\n  \"cardAcceptor\": {\r\n    \"address\": {\r\n      \"country\": \"USA\",\r\n      \"zipCode\": \"94404\",\r\n      \"county\": \"081\",\r\n      \"state\": \"CA\"\r\n    },\r\n    \"idCode\": \"ABCD1234ABCD123\",\r\n    \"name\": \"Visa Inc. USA-Foster City\",\r\n    \"terminalId\": \"ABCD1234\"\r\n  },\r\n  \"transactionIdentifier\": \"100148555877923\",\r\n  \"acquirerCountryCode\": \"840\",\r\n  \"acquiringBin\": \"408999\",\r\n  \"senderCurrencyCode\": \"USD\",\r\n  \"retrievalReferenceNumber\": \"433122895499\",\r\n  \"transactionTypeCode\": 22,\r\n  \"messageReasonCode\": 2150,\r\n  \"systemsTraceAuditNumber\": \"895499\",\r\n  \"businessApplicationId\": \"AA\",\r\n  \"senderPrimaryAccountNumber\": \"4104920120XXXXXX\",\r\n  \"settlementServiceIndicator\": \"9\",\r\n  \"cardProductCode\": \"15\",\r\n  \"merchantCategoryCode\": \"6012\",\r\n  \"senderCardExpiryDate\": \"2021-10\",\r\n  \"dynamicCurrencyConversionIndicator\": \"Y\"\r\n}"
				},
				"url": {
					"raw": "localhost:3000/encrypt",
					"host": [
						"localhost"
					],
					"port": "3000",
					"path": [
						"encrypt"
					]
				}
			},
			"response": []
		},
		{
			"name": "CreateAlias",
			"event": [
				{
					"listen": "prerequest",
					"script": {
						"exec": [
							""
						],
						"type": "text/javascript"
					}
				},
				{
					"listen": "test",
					"script": {
						"exec": [
							"var jsonData = pm.response.json();",
							"pm.globals.set(\"res_body\",jsonData.encData);",
							""
						],
						"type": "text/javascript"
					}
				}
			],
			"request": {
				"auth": {
					"type": "basic",
					"basic": [
						{
							"key": "password",
							"value": "<ENTERPASSWORD>",
							"type": "string"
						},
						{
							"key": "username",
							"value": "<ENTERUSERNAME>",
							"type": "string"
						}
					]
				},
				"method": "POST",
				"header": [
					{
						"key": "Content-Type",
						"name": "Content-Type",
						"type": "text",
						"value": "application/json"
					},
					{
						"key": "Accept",
						"type": "text",
						"value": "application/json"
					},
					{
						"key": "keyId",
						"type": "text",
						"value": "{{kid}}"
					}
				],
				"body": {
					"mode": "raw",
					"raw": "{\"encData\":\"{{req_body}}\"}"
				},
				"url": {
					"raw": "https://sandbox.api.visa.com/visadirect/fundstransfer/v1/pushfundstransactions",
					"protocol": "https",
					"host": [
						"sandbox",
						"api",
						"visa",
						"com"
					],
					"path": [
						"visadirect",
						"fundstransfer",
						"v1",
						"pushfundstransactions"
					]
				}
			},
			"response": []
		},
		{
			"name": "GetAliasIDFromValue",
			"event": [
				{
					"listen": "prerequest",
					"script": {
						"exec": [
							""
						],
						"type": "text/javascript"
					}
				},
				{
					"listen": "test",
					"script": {
						"exec": [
							"var jsonData = pm.response.json();",
							"pm.globals.set(\"res_body\",jsonData.encData);",
							""
						],
						"type": "text/javascript"
					}
				}
			],
			"request": {
				"auth": {
					"type": "basic",
					"basic": [
						{
							"key": "password",
							"value": "<ENTERPASSWORD>",
							"type": "string"
						},
						{
							"key": "username",
							"value": "<ENTERUSERNAME>",
							"type": "string"
						}
					]
				},
				"method": "POST",
				"header": [
					{
						"key": "Content-Type",
						"name": "Content-Type",
						"type": "text",
						"value": "application/json"
					},
					{
						"key": "Accept",
						"type": "text",
						"value": "application/json"
					},
					{
						"key": "keyId",
						"type": "text",
						"value": "{{kid}}"
					}
				],
				"body": {
					"mode": "raw",
					"raw": "{\"encData\":\"{{req_body}}\"}"
				},
				"url": {
					"raw": "https://sandbox.api.visa.com/visadirect/fundstransfer/v1/pushfundstransactions",
					"protocol": "https",
					"host": [
						"sandbox",
						"api",
						"visa",
						"com"
					],
					"path": [
						"visadirect",
						"fundstransfer",
						"v1",
						"pushfundstransactions"
					]
				}
			},
			"response": []
		},
		{
			"name": "CreatePaymentCredential",
			"event": [
				{
					"listen": "prerequest",
					"script": {
						"exec": [
							""
						],
						"type": "text/javascript"
					}
				},
				{
					"listen": "test",
					"script": {
						"exec": [
							"var jsonData = pm.response.json();",
							"pm.globals.set(\"res_body\",jsonData.encData);",
							""
						],
						"type": "text/javascript"
					}
				}
			],
			"request": {
				"auth": {
					"type": "basic",
					"basic": [
						{
							"key": "password",
							"value": "<ENTERPASSWORD>",
							"type": "string"
						},
						{
							"key": "username",
							"value": "<ENTERUSERNAME>",
							"type": "string"
						}
					]
				},
				"method": "POST",
				"header": [
					{
						"key": "Content-Type",
						"name": "Content-Type",
						"type": "text",
						"value": "application/json"
					},
					{
						"key": "Accept",
						"type": "text",
						"value": "application/json"
					},
					{
						"key": "keyId",
						"type": "text",
						"value": "{{kid}}"
					}
				],
				"body": {
					"mode": "raw",
					"raw": "{\"encData\":\"{{req_body}}\"}"
				},
				"url": {
					"raw": "https://sandbox.api.visa.com/visadirect/fundstransfer/v1/pushfundstransactions",
					"protocol": "https",
					"host": [
						"sandbox",
						"api",
						"visa",
						"com"
					],
					"path": [
						"visadirect",
						"fundstransfer",
						"v1",
						"pushfundstransactions"
					]
				}
			},
			"response": []
		},
		{
			"name": "DeletePaymentCredential",
			"event": [
				{
					"listen": "prerequest",
					"script": {
						"exec": [
							""
						],
						"type": "text/javascript"
					}
				},
				{
					"listen": "test",
					"script": {
						"exec": [
							"var jsonData = pm.response.json();",
							"pm.globals.set(\"res_body\",jsonData.encData);",
							""
						],
						"type": "text/javascript"
					}
				}
			],
			"request": {
				"auth": {
					"type": "basic",
					"basic": [
						{
							"key": "password",
							"value": "<ENTERPASSWORD>",
							"type": "string"
						},
						{
							"key": "username",
							"value": "<ENTERUSERNAME>",
							"type": "string"
						}
					]
				},
				"method": "DELETE",
				"header": [
					{
						"key": "Content-Type",
						"name": "Content-Type",
						"type": "text",
						"value": "application/json"
					},
					{
						"key": "Accept",
						"type": "text",
						"value": "application/json"
					},
					{
						"key": "keyId",
						"type": "text",
						"value": "{{kid}}"
					}
				],
				"body": {
					"mode": "raw",
					"raw": ""
				},
				"url": {
					"raw": "https://sandbox.api.visa.com/aliasdirectory/v1/aliases/{{alias_id}}",
					"protocol": "https",
					"host": [
						"sandbox",
						"api",
						"visa",
						"com"
					],
					"path": [
						"aliasdirectory",
						"v1",
						"aliases",
						"{{alias_id}}"
					]
				}
			},
			"response": []
		},
		{
			"name": "MLE_Decrpyt",
			"event": [
				{
					"listen": "prerequest",
					"script": {
						"exec": [
							""
						],
						"type": "text/javascript"
					}
				},
				{
					"listen": "test",
					"script": {
						"exec": [
							""
						],
						"type": "text/javascript"
					}
				}
			],
			"request": {
				"auth": {
					"type": "noauth"
				},
				"method": "POST",
				"header": [
					{
						"key": "Content-Type",
						"name": "Content-Type",
						"type": "text",
						"value": "application/json"
					},
					{
						"key": "Accept",
						"type": "text",
						"value": "application/json"
					}
				],
				"body": {
					"mode": "raw",
					"raw": "{\"encData\":\"{{res_body}}\"}"
				},
				"url": {
					"raw": "localhost:3000/decrypt",
					"host": [
						"localhost"
					],
					"port": "3000",
					"path": [
						"decrypt"
					]
				}
			},
			"response": []
		}
	]
}